Workbook

Sheet Employees
A1: Employee_ID | B1: Employee_Name | C1: Department | D1: Location | E1: Salary | F1: Hire_Date | G1: Projects_Completed | H1: Training_Hours | I1: Attendance_Bonus_Eligible | J1: Performance_Target_Met
A2: 1001 | B2: Ava Rodriguez | C2: Finance | D2: Chennai | E2: 93000 | F2: 42135 | G2: 5 | H2: 2 | I2: 1 | J2: 0
A3: 1002 | B3: David Johnson | C3: IT | D3: Bangalore | E3: 67000 | F3: 43368 | G3: 3 | H3: 1 | I3: 0 | J3: 1
A4: 1003 | B4: Chris Wilson | C4: Finance | D4: Chennai | E4: 85000 | F4: 44365 | G4: 4 | H4: 3 | I4: 1 | J4: 1
A5: 1004 | B5: Emily Davis | C5: IT | D5: Bangalore | E5: 71000 | F5: 42771 | G5: 2 | H5: 2 | I5: 0 | J5: 1
A6: 1005 | B6: Sophia Brown | C6: HR | D6: Hyderabad | E6: 58000 | F6: 43781 | G6: 2 | H6: 1 | I6: 0 | J6: 0
A7: 1006 | B7: Michael Smith | C7: IT | D7: Bangalore | E7: 88000 | F7: 42571 | G7: 5 | H7: 4 | I7: 1 | J7: 1
A8: 1007 | B8: Olivia Taylor | C8: HR | D8: Hyderabad | E8: 62000 | F8: 44635 | G8: 3 | H8: 2 | I8: 0 | J8: 1
A9: 1008 | B9: James Anderson | C9: Marketing | D9: Pune | E9: 75000 | F9: 43840 | G9: 4 | H9: 3 | I9: 1 | J9: 0
A10: 1009 | B10: Emma Thomas | C10: Finance | D10: Chennai | E10: 79000 | F10: 43699 | G10: 3 | H10: 2 | I10: 0 | J10: 1
A11: 1010 | B11: Daniel White | C11: Marketing | D11: Pune | E11: 69000 | F11: 43437 | G11: 2 | H11: 1 | I11: 0 | J11: 0
A12: 1011 | B12: Mia Martin | C12: IT | D12: Bangalore | E12: 95000 | F12: 41746 | G12: 5 | H12: 5 | I12: 1 | J12: 1
A13: 1012 | B13: Noah Clark | C13: HR | D13: Hyderabad | E13: 54000 | F13: 45078 | G13: 1 | H13: 1 | I13: 0 | J13: 0
... A16: 1015 | B16: Amelia Hall | C16: Finance | D16: Chennai | E16: 66000 | F16: 44585 | G16: 2 | H16: 2 | I16: 1 | J16: 0

Sheet Homework
A1: Question_No | B1: Topic | C1: Homework_Question | D1: Operator_or_Function
A2: 1 | B2: Arithmetic | C2: Calculate annual salary assuming monthly salary is Salary / 12. Use arithmetic operators to calculate monthly salary in a new column. | D2: Arithmetic operators (+, -, *, /)
A3: 2 | B3: Arithmetic | C3: Calculate a 10% salary increase for each employee. | D3: *
A4: 3 | B4: Arithmetic | C4: Calculate the annual bonus as 8% of Salary. | D4: *
A5: 4 | B5: Arithmetic | C5: Calculate the difference between Salary and 60,000. | D5: -
A6: 5 | B6: Arithmetic | C6: Calculate a project allowance of 1,500 per completed project. | D6: *
A7: 6 | B7: Comparison | C7: Return TRUE for employees whose Salary is greater than 80,000. | D7: >
A8: 7 | B8: Comparison | C8: Return TRUE for employees whose Salary is equal to 75,000. | D8: =
A9: 8 | B9: Comparison | C9: Identify employees whose Salary is not equal to 70,000. | D9: <>
A10: 9 | B10: Comparison | C10: Check whether Projects_Completed is greater than or equal to 4. | D10: >=
A11: 10 | B11: Comparison | C11: Check whether Training_Hours is less than 3. | D11: <
A12: 11 | B12: Logical | C12: Mark employees as eligible only when Salary is at least 75,000 AND Performance_Target_Met is 1. | D12: AND
A13: 12 | B13: Logical | C13: Mark employees as eligible when Department is Finance OR IT. | D13: OR
... A21: 20 | B21: Mixed | C21: Create a final eligibility check: Salary >= 75,000 AND (Attendance_Bonus_Eligible = 1 OR Performance_Target_Met = 1). | D21: AND, OR, >=, =

Sheet Instructions
A1: Excel Operators Homework
A2: Use the Employees sheet to answer the questions in the Homework sheet.
A3: Use Excel formulas where appropriate. Do not overwrite the original data.
A4: Assume Attendance_Bonus_Eligible and Performance_Target_Met use 1 = Yes and 0 = No.
A5: Suggested operators: +, -, *, /, ^, %, =, >, <, >=, <=, <>, &, AND, OR, NOT.
A6: Save your completed workbook with your answers or add a separate Answers sheet.
A7: Upload the answer file to GitHub repository

Sheet Answer
A1: Employee_ID | B1: Employee_Name | C1: Department | D1: Location | E1: Salary | F1: Hire_Date | G1: Projects_Completed | H1: Training_Hours | I1: Attendance_Bonus_Eligible | J1: Performance_Target_Met | K1: Monthly Salary | L1: 10% Increase of salary | M1: Annual bonus 8% | N1: Diff bet salary and 60000 | O1: Project allowance | P1: Employee salary -True for above 8000 | Q1: Employee salary -True equal to 75000 | R1: Employee salary -True not equal to 70000 | S1: Projects Completed is greater than or equal to 4. | T1: Training_Hours is less than 3. | U1: Mark employees as eligible only when Salary is at least 75,000 AND Performance_Target_Met is 1. | V1: Mark employees as eligible when Department is Finance OR IT. | W1: Identify employees who are NOT eligible for an attendance bonus. | X1: Return TRUE when Salary is at least 80,000 OR Projects_Completed is at least 4. | Y1: Combine Employee_Name and Department into one cell, separated by a hyphen. | Z1: Check whether the employee is in IT AND Salary is greater than 70,000. | AA1: Check whether the employee is in Finance OR salary is below 60,000. | AB1: Calculate a proposed salary after a 5% increase, then compare it with 80,000. | AC1: Calculate a performance allowance of 2,000 if Performance_Target_Met is 1, otherwise 0. Use IF with a comparison operator. | AD1: Create a final eligibility check: Salary >= 75,000 AND (Attendance_Bonus_Eligible = 1 OR Performance_Target_Met = 1).
A2: 1001 | B2: Ava Rodriguez | C2: Finance | D2: Chennai | E2: 93000 | F2: 42135 | G2: 5 | H2: 2 | I2: 1 | J2: 0 | K2: =E2/12 -> 7750 | L2: =E2+(E2*10%) -> 102300 | M2: =E2*8% -> 7440 | N2: =E2-60000 -> 33000 | O2: =G2*1500 -> 7500 | P2: =IF(Answer!E2>80000,"True") -> True | Q2: =IF(E2=75000,"True") -> FALSE | R2: =IF(E2<>75000,"True") -> True | S2: =IF(G2>=4,"True") -> True | T2: =IF(H2<3,"True") -> True | U2: =IF(AND(E2>=75000,J2=1),"Eligible","Not Eligible") -> Not Eligible | V2: =IF(OR(C2="finance",C2="IT"),"eligible","not eligible") -> eligible | W2: =IF(NOT(I2=1),"Not eligible","Eligible") -> Eligible | X2: =OR(E2>=80000,G2>=4) -> TRUE | Y2: =B2&"-"&C2 -> Ava Rodriguez-Finance | Z2: =AND(C2="IT",E2>70000) -> FALSE | AA2: =OR(C2="finance",E2<60000) -> TRUE | AB2: =(E2+(E2*5%))-80000 -> 17650 | AC2: =IF(J2=1,"Rs.2000","Rs.0") -> Rs.0 | AD2: =IF(AND(E2>=75000,OR(I2=1,J2=1)),"eligible","not eligible") -> eligible
A3: 1002 | B3: David Johnson | C3: IT | D3: Bangalore | E3: 67000 | F3: 43368 | G3: 3 | H3: 1 | I3: 0 | J3: 1 | K3: =E3/12 -> 5583.3333 | L3: =E3+(E3*10%) -> 73700 | M3: =E3*8% -> 5360 | N3: =E3-60000 -> 7000 | O3: =G3*1500 -> 4500 | P3: =IF(Answer!E3>80000,"True") -> FALSE | Q3: =IF(E3=75000,"True") -> FALSE | R3: =IF(E3<>75000,"True") -> True | S3: =IF(G3>=4,"True") -> FALSE | T3: =IF(H3<3,"True") -> True | U3: =IF(AND(E3>=75000,J3=1),"Eligible","Not Eligible") -> Not Eligible | V3: =IF(OR(C3="finance",C3="IT"),"eligible","not eligible") -> eligible | W3: =IF(NOT(I3=1),"Not eligible","Eligible") -> Not eligible | X3: =OR(E3>=80000,G3>=4) -> FALSE | Y3: =B3&"-"&C3 -> David Johnson-IT | Z3: =AND(C3="IT",E3>70000) -> FALSE | AA3: =OR(C3="finance",E3<60000) -> FALSE | AB3: =(E3+(E3*5%))-80000 -> -9650 | AC3: =IF(J3=1,"Rs.2000","Rs.0") -> Rs.2000 | AD3: =IF(AND(E3>=75000,OR(I3=1,J3=1)),"eligible","not eligible") -> not eligible
A4: 1003 | B4: Chris Wilson | C4: Finance | D4: Chennai | E4: 85000 | F4: 44365 | G4: 4 | H4: 3 | I4: 1 | J4: 1 | K4: =E4/12 -> 7083.3333 | L4: =E4+(E4*10%) -> 93500 | M4: =E4*8% -> 6800 | N4: =E4-60000 -> 25000 | O4: =G4*1500 -> 6000 | P4: =IF(Answer!E4>80000,"True") -> True | Q4: =IF(E4=75000,"True") -> FALSE | R4: =IF(E4<>75000,"True") -> True | S4: =IF(G4>=4,"True") -> True | T4: =IF(H4<3,"True") -> FALSE | U4: =IF(AND(E4>=75000,J4=1),"Eligible","Not Eligible") -> Eligible | V4: =IF(OR(C4="finance",C4="IT"),"eligible","not eligible") -> eligible | W4: =IF(NOT(I4=1),"Not eligible","Eligible") -> Eligible | X4: =OR(E4>=80000,G4>=4) -> TRUE | Y4: =B4&"-"&C4 -> Chris Wilson-Finance | Z4: =AND(C4="IT",E4>70000) -> FALSE | AA4: =OR(C4="finance",E4<60000) -> TRUE | AB4: =(E4+(E4*5%))-80000 -> 9250 | AC4: =IF(J4=1,"Rs.2000","Rs.0") -> Rs.2000 | AD4: =IF(AND(E4>=75000,OR(I4=1,J4=1)),"eligible","not eligible") -> eligible
A5: 1004 | B5: Emily Davis | C5: IT | D5: Bangalore | E5: 71000 | F5: 42771 | G5: 2 | H5: 2 | I5: 0 | J5: 1 | K5: =E5/12 -> 5916.6667 | L5: =E5+(E5*10%) -> 78100 | M5: =E5*8% -> 5680 | N5: =E5-60000 -> 11000 | O5: =G5*1500 -> 3000 | P5: =IF(Answer!E5>80000,"True") -> FALSE | Q5: =IF(E5=75000,"True") -> FALSE | R5: =IF(E5<>75000,"True") -> True | S5: =IF(G5>=4,"True") -> FALSE | T5: =IF(H5<3,"True") -> True | U5: =IF(AND(E5>=75000,J5=1),"Eligible","Not Eligible") -> Not Eligible | V5: =IF(OR(C5="finance",C5="IT"),"eligible","not eligible") -> eligible | W5: =IF(NOT(I5=1),"Not eligible","Eligible") -> Not eligible | X5: =OR(E5>=80000,G5>=4) -> FALSE | Y5: =B5&"-"&C5 -> Emily Davis-IT | Z5: =AND(C5="IT",E5>70000) -> TRUE | AA5: =OR(C5="finance",E5<60000) -> FALSE | AB5: =(E5+(E5*5%))-80000 -> -5450 | AC5: =IF(J5=1,"Rs.2000","Rs.0") -> Rs.2000 | AD5: =IF(AND(E5>=75000,OR(I5=1,J5=1)),"eligible","not eligible") -> not eligible
A6: 1005 | B6: Sophia Brown | C6: HR | D6: Hyderabad | E6: 58000 | F6: 43781 | G6: 2 | H6: 1 | I6: 0 | J6: 0 | K6: =E6/12 -> 4833.3333 | L6: =E6+(E6*10%) -> 63800 | M6: =E6*8% -> 4640 | N6: =E6-60000 -> -2000 | O6: =G6*1500 -> 3000 | P6: =IF(Answer!E6>80000,"True") -> FALSE | Q6: =IF(E6=75000,"True") -> FALSE | R6: =IF(E6<>75000,"True") -> True | S6: =IF(G6>=4,"True") -> FALSE | T6: =IF(H6<3,"True") -> True | U6: =IF(AND(E6>=75000,J6=1),"Eligible","Not Eligible") -> Not Eligible | V6: =IF(OR(C6="finance",C6="IT"),"eligible","not eligible") -> not eligible | W6: =IF(NOT(I6=1),"Not eligible","Eligible") -> Not eligible | X6: =OR(E6>=80000,G6>=4) -> FALSE | Y6: =B6&"-"&C6 -> Sophia Brown-HR | Z6: =AND(C6="IT",E6>70000) -> FALSE | AA6: =OR(C6="finance",E6<60000) -> TRUE | AB6: =(E6+(E6*5%))-80000 -> -19100 | AC6: =IF(J6=1,"Rs.2000","Rs.0") -> Rs.0 | AD6: =IF(AND(E6>=75000,OR(I6=1,J6=1)),"eligible","not eligible") -> not eligible
A7: 1006 | B7: Michael Smith | C7: IT | D7: Bangalore | E7: 88000 | F7: 42571 | G7: 5 | H7: 4 | I7: 1 | J7: 1 | K7: =E7/12 -> 7333.3333 | L7: =E7+(E7*10%) -> 96800 | M7: =E7*8% -> 7040 | N7: =E7-60000 -> 28000 | O7: =G7*1500 -> 7500 | P7: =IF(Answer!E7>80000,"True") -> True | Q7: =IF(E7=75000,"True") -> FALSE | R7: =IF(E7<>75000,"True") -> True | S7: =IF(G7>=4,"True") -> True | T7: =IF(H7<3,"True") -> FALSE | U7: =IF(AND(E7>=75000,J7=1),"Eligible","Not Eligible") -> Eligible | V7: =IF(OR(C7="finance",C7="IT"),"eligible","not eligible") -> eligible | W7: =IF(NOT(I7=1),"Not eligible","Eligible") -> Eligible | X7: =OR(E7>=80000,G7>=4) -> TRUE | Y7: =B7&"-"&C7 -> Michael Smith-IT | Z7: =AND(C7="IT",E7>70000) -> TRUE | AA7: =OR(C7="finance",E7<60000) -> FALSE | AB7: =(E7+(E7*5%))-80000 -> 12400 | AC7: =IF(J7=1,"Rs.2000","Rs.0") -> Rs.2000 | AD7: =IF(AND(E7>=75000,OR(I7=1,J7=1)),"eligible","not eligible") -> eligible
A8: 1007 | B8: Olivia Taylor | C8: HR | D8: Hyderabad | E8: 62000 | F8: 44635 | G8: 3 | H8: 2 | I8: 0 | J8: 1 | K8: =E8/12 -> 5166.6667 | L8: =E8+(E8*10%) -> 68200 | M8: =E8*8% -> 4960 | N8: =E8-60000 -> 2000 | O8: =G8*1500 -> 4500 | P8: =IF(Answer!E8>80000,"True") -> FALSE | Q8: =IF(E8=75000,"True") -> FALSE | R8: =IF(E8<>75000,"True") -> True | S8: =IF(G8>=4,"True") -> FALSE | T8: =IF(H8<3,"True") -> True | U8: =IF(AND(E8>=75000,J8=1),"Eligible","Not Eligible") -> Not Eligible | V8: =IF(OR(C8="finance",C8="IT"),"eligible","not eligible") -> not eligible | W8: =IF(NOT(I8=1),"Not eligible","Eligible") -> Not eligible | X8: =OR(E8>=80000,G8>=4) -> FALSE | Y8: =B8&"-"&C8 -> Olivia Taylor-HR | Z8: =AND(C8="IT",E8>70000) -> FALSE | AA8: =OR(C8="finance",E8<60000) -> FALSE | AB8: =(E8+(E8*5%))-80000 -> -14900 | AC8: =IF(J8=1,"Rs.2000","Rs.0") -> Rs.2000 | AD8: =IF(AND(E8>=75000,OR(I8=1,J8=1)),"eligible","not eligible") -> not eligible
A9: 1008 | B9: James Anderson | C9: Marketing | D9: Pune | E9: 75000 | F9: 43840 | G9: 4 | H9: 3 | I9: 1 | J9: 0 | K9: =E9/12 -> 6250 | L9: =E9+(E9*10%) -> 82500 | M9: =E9*8% -> 6000 | N9: =E9-60000 -> 15000 | O9: =G9*1500 -> 6000 | P9: =IF(Answer!E9>80000,"True") -> FALSE | Q9: =IF(E9=75000,"True") -> True | R9: =IF(E9<>75000,"True") -> FALSE | S9: =IF(G9>=4,"True") -> True | T9: =IF(H9<3,"True") -> FALSE | U9: =IF(AND(E9>=75000,J9=1),"Eligible","Not Eligible") -> Not Eligible | V9: =IF(OR(C9="finance",C9="IT"),"eligible","not eligible") -> not eligible | W9: =IF(NOT(I9=1),"Not eligible","Eligible") -> Eligible | X9: =OR(E9>=80000,G9>=4) -> TRUE | Y9: =B9&"-"&C9 -> James Anderson-Marketing | Z9: =AND(C9="IT",E9>70000) -> FALSE | AA9: =OR(C9="finance",E9<60000) -> FALSE | AB9: =(E9+(E9*5%))-80000 -> -1250 | AC9: =IF(J9=1,"Rs.2000","Rs.0") -> Rs.0 | AD9: =IF(AND(E9>=75000,OR(I9=1,J9=1)),"eligible","not eligible") -> eligible
A10: 1009 | B10: Emma Thomas | C10: Finance | D10: Chennai | E10: 79000 | F10: 43699 | G10: 3 | H10: 2 | I10: 0 | J10: 1 | K10: =E10/12 -> 6583.3333 | L10: =E10+(E10*10%) -> 86900 | M10: =E10*8% -> 6320 | N10: =E10-60000 -> 19000 | O10: =G10*1500 -> 4500 | P10: =IF(Answer!E10>80000,"True") -> FALSE | Q10: =IF(E10=75000,"True") -> FALSE | R10: =IF(E10<>75000,"True") -> True | S10: =IF(G10>=4,"True") -> FALSE | T10: =IF(H10<3,"True") -> True | U10: =IF(AND(E10>=75000,J10=1),"Eligible","Not Eligible") -> Eligible | V10: =IF(OR(C10="finance",C10="IT"),"eligible","not eligible") -> eligible | W10: =IF(NOT(I10=1),"Not eligible","Eligible") -> Not eligible | X10: =OR(E10>=80000,G10>=4) -> FALSE | Y10: =B10&"-"&C10 -> Emma Thomas-Finance | Z10: =AND(C10="IT",E10>70000) -> FALSE | AA10: =OR(C10="finance",E10<60000) -> TRUE | AB10: =(E10+(E10*5%))-80000 -> 2950 | AC10: =IF(J10=1,"Rs.2000","Rs.0") -> Rs.2000 | AD10: =IF(AND(E10>=75000,OR(I10=1,J10=1)),"eligible","not eligible") -> eligible
A11: 1010 | B11: Daniel White | C11: Marketing | D11: Pune | E11: 69000 | F11: 43437 | G11: 2 | H11: 1 | I11: 0 | J11: 0 | K11: =E11/12 -> 5750 | L11: =E11+(E11*10%) -> 75900 | M11: =E11*8% -> 5520 | N11: =E11-60000 -> 9000 | O11: =G11*1500 -> 3000 | P11: =IF(Answer!E11>80000,"True") -> FALSE | Q11: =IF(E11=75000,"True") -> FALSE | R11: =IF(E11<>75000,"True") -> True | S11: =IF(G11>=4,"True") -> FALSE | T11: =IF(H11<3,"True") -> True | U11: =IF(AND(E11>=75000,J11=1),"Eligible","Not Eligible") -> Not Eligible | V11: =IF(OR(C11="finance",C11="IT"),"eligible","not eligible") -> not eligible | W11: =IF(NOT(I11=1),"Not eligible","Eligible") -> Not eligible | X11: =OR(E11>=80000,G11>=4) -> FALSE | Y11: =B11&"-"&C11 -> Daniel White-Marketing | Z11: =AND(C11="IT",E11>70000) -> FALSE | AA11: =OR(C11="finance",E11<60000) -> FALSE | AB11: =(E11+(E11*5%))-80000 -> -7550 | AC11: =IF(J11=1,"Rs.2000","Rs.0") -> Rs.0 | AD11: =IF(AND(E11>=75000,OR(I11=1,J11=1)),"eligible","not eligible") -> not eligible
A12: 1011 | B12: Mia Martin | C12: IT | D12: Bangalore | E12: 95000 | F12: 41746 | G12: 5 | H12: 5 | I12: 1 | J12: 1 | K12: =E12/12 -> 7916.6667 | L12: =E12+(E12*10%) -> 104500 | M12: =E12*8% -> 7600 | N12: =E12-60000 -> 35000 | O12: =G12*1500 -> 7500 | P12: =IF(Answer!E12>80000,"True") -> True | Q12: =IF(E12=75000,"True") -> FALSE | R12: =IF(E12<>75000,"True") -> True | S12: =IF(G12>=4,"True") -> True | T12: =IF(H12<3,"True") -> FALSE | U12: =IF(AND(E12>=75000,J12=1),"Eligible","Not Eligible") -> Eligible | V12: =IF(OR(C12="finance",C12="IT"),"eligible","not eligible") -> eligible | W12: =IF(NOT(I12=1),"Not eligible","Eligible") -> Eligible | X12: =OR(E12>=80000,G12>=4) -> TRUE | Y12: =B12&"-"&C12 -> Mia Martin-IT | Z12: =AND(C12="IT",E12>70000) -> TRUE | AA12: =OR(C12="finance",E12<60000) -> FALSE | AB12: =(E12+(E12*5%))-80000 -> 19750 | AC12: =IF(J12=1,"Rs.2000","Rs.0") -> Rs.2000 | AD12: =IF(AND(E12>=75000,OR(I12=1,J12=1)),"eligible","not eligible") -> eligible
A13: 1012 | B13: Noah Clark | C13: HR | D13: Hyderabad | E13: 54000 | F13: 45078 | G13: 1 | H13: 1 | I13: 0 | J13: 0 | K13: =E13/12 -> 4500 | L13: =E13+(E13*10%) -> 59400 | M13: =E13*8% -> 4320 | N13: =E13-60000 -> -6000 | O13: =G13*1500 -> 1500 | P13: =IF(Answer!E13>80000,"True") -> FALSE | Q13: =IF(E13=75000,"True") -> FALSE | R13: =IF(E13<>75000,"True") -> True | S13: =IF(G13>=4,"True") -> FALSE | T13: =IF(H13<3,"True") -> True | U13: =IF(AND(E13>=75000,J13=1),"Eligible","Not Eligible") -> Not Eligible | V13: =IF(OR(C13="finance",C13="IT"),"eligible","not eligible") -> not eligible | W13: =IF(NOT(I13=1),"Not eligible","Eligible") -> Not eligible | X13: =OR(E13>=80000,G13>=4) -> FALSE | Y13: =B13&"-"&C13 -> Noah Clark-HR | Z13: =AND(C13="IT",E13>70000) -> FALSE | AA13: =OR(C13="finance",E13<60000) -> TRUE | AB13: =(E13+(E13*5%))-80000 -> -23300 | AC13: =IF(J13=1,"Rs.2000","Rs.0") -> Rs.0 | AD13: =IF(AND(E13>=75000,OR(I13=1,J13=1)),"eligible","not eligible") -> not eligible
... A16: 1015 | B16: Amelia Hall | C16: Finance | D16: Chennai | E16: 66000 | F16: 44585 | G16: 2 | H16: 2 | I16: 1 | J16: 0 | K16: =E16/12 -> 5500 | L16: =E16+(E16*10%) -> 72600 | M16: =E16*8% -> 5280 | N16: =E16-60000 -> 6000 | O16: =G16*1500 -> 3000 | P16: =IF(Answer!E16>80000,"True") -> FALSE | Q16: =IF(E16=75000,"True") -> FALSE | R16: =IF(E16<>75000,"True") -> True | S16: =IF(G16>=4,"True") -> FALSE | T16: =IF(H16<3,"True") -> True | U16: =IF(AND(E16>=75000,J16=1),"Eligible","Not Eligible") -> Not Eligible | V16: =IF(OR(C16="finance",C16="IT"),"eligible","not eligible") -> eligible | W16: =IF(NOT(I16=1),"Not eligible","Eligible") -> Eligible | X16: =OR(E16>=80000,G16>=4) -> FALSE | Y16: =B16&"-"&C16 -> Amelia Hall-Finance | Z16: =AND(C16="IT",E16>70000) -> FALSE | AA16: =OR(C16="finance",E16<60000) -> TRUE | AB16: =(E16+(E16*5%))-80000 -> -10700 | AC16: =IF(J16=1,"Rs.2000","Rs.0") -> Rs.0 | AD16: =IF(AND(E16>=75000,OR(I16=1,J16=1)),"eligible","not eligible") -> not eligible
